state	pathogen	test_result	state_code	country	2021-11-06	2021-11-13	2021-11-20	2021-11-27	2021-12-04	2021-12-11	2021-12-18	2021-12-25	2022-01-01	2022-01-08	2022-01-15	2022-01-22	2022-01-29	2022-02-05	2022-02-12	2022-02-19	2022-02-26	2022-03-05	2022-03-12	2022-03-19	2022-03-26	2022-04-02	2022-04-09	2022-04-16	2022-04-23	2022-04-30	2022-05-07	2022-05-14	2022-05-21	2022-05-28	2022-06-04	2022-06-11	2022-06-18	2022-06-25	2022-07-02	2022-07-09	2022-07-16	2022-07-23	2022-07-30	2022-08-06	2022-08-13	2022-08-20	2022-08-27	2022-09-03	2022-09-10	2022-09-17	2022-09-24	2022-10-01	2022-10-08	2022-10-15	2022-10-22	2022-10-29	2022-11-05	2022-11-12	2022-11-19	2022-11-26	2022-12-03	2022-12-10	2022-12-17	2022-12-24	2022-12-31	2023-01-07	2023-01-14	2023-01-21	2023-01-28	2023-02-04	2023-02-11	2023-02-18	2023-02-25	2023-03-04	2023-03-11	2023-03-18	2023-03-25	2023-04-01	2023-04-08	2023-04-15	2023-04-22	2023-04-29	2023-05-06	2023-05-13	2023-05-20	2023-05-27	2023-06-03	2023-06-10	2023-06-17	2023-06-24	2023-07-01	2023-07-08	2023-07-15	2023-07-22	2023-07-29	2023-08-05	2023-08-12	2023-08-19	2023-08-26
Acre	ADENO	Pos	AC	Brazil																																																																																															
Acre	BAC	Pos	AC	Brazil																																																																																															
Acre	COVS	Pos	AC	Brazil																																																																																															
Acre	FLUA	Pos	AC	Brazil																																																																																															
Acre	FLUB	Pos	AC	Brazil																																																																																															
Acre	META	Pos	AC	Brazil																																																																																															
Acre	PARA	Pos	AC	Brazil																																																																																															
Acre	RINO	Pos	AC	Brazil																																																																																															
Acre	SC2	Pos	AC	Brazil																																																																																															
Acre	VSR	Pos	AC	Brazil																																																																																															
Alagoas	ADENO	Pos	AL	Brazil																																																																																															
Alagoas	BAC	Pos	AL	Brazil																																																																																															
Alagoas	COVS	Pos	AL	Brazil																																																																																															
Alagoas	FLUA	Pos	AL	Brazil																																																																																															
Alagoas	FLUB	Pos	AL	Brazil																																																																																															
Alagoas	META	Pos	AL	Brazil																																																																																															
Alagoas	PARA	Pos	AL	Brazil																																																																																															
Alagoas	RINO	Pos	AL	Brazil																																																																																															
Alagoas	SC2	Pos	AL	Brazil																																																																																															
Alagoas	VSR	Pos	AL	Brazil																																																																																															
Amapá	ADENO	Pos	AP	Brazil																																																																																															
Amapá	BAC	Pos	AP	Brazil																																																																																															
Amapá	COVS	Pos	AP	Brazil																																																																																															
Amapá	FLUA	Pos	AP	Brazil																																																																																															
Amapá	FLUB	Pos	AP	Brazil																																																																																															
Amapá	META	Pos	AP	Brazil																																																																																															
Amapá	PARA	Pos	AP	Brazil																																																																																															
Amapá	RINO	Pos	AP	Brazil																																																																																															
Amapá	SC2	Pos	AP	Brazil																																																																																															
Amapá	VSR	Pos	AP	Brazil																																																																																															
Amazonas	ADENO	Pos	AM	Brazil																																																																																															
Amazonas	BAC	Pos	AM	Brazil																																																																																															
Amazonas	BOCA	Pos	AM	Brazil																																																																																															
Amazonas	COVS	Pos	AM	Brazil																																																																																															
Amazonas	ENTERO	Pos	AM	Brazil																																																																																															
Amazonas	FLUA	Pos	AM	Brazil												0.0048309179	0.0000000000	0.0000000000																																																																																	
Amazonas	FLUB	Pos	AM	Brazil												0.0000000000	0.0000000000	0.0000000000																																																																																	
Amazonas	META	Pos	AM	Brazil																																																																																															
Amazonas	PARA	Pos	AM	Brazil																																																																																															
Amazonas	RINO	Pos	AM	Brazil																																																																																															
Amazonas	SC2	Pos	AM	Brazil									0.0519480519	0.2173174873	0.5745614035	0.7355623100	0.6627450980	0.4260485651	0.1520467836	0.0989010989	0.0388888889	0.0219780220	0.0833333333	0.0084033613	0.0170940171	0.0000000000	0.0191387560	0.1145038168	0.0259740260	0.0697674419	0.0759493671	0.0660377358	0.0714285714	0.0638297872	0.1724137931	0.1635220126	0.2181818182	0.3296398892	0.3747368421	0.3054662379	0.4297872340	0.3348729792	0.3170731707	0.1721311475	0.1492537313	0.0537634409	0.0547945205	0.0566037736		0.0588235294				0.3728813559	0.5187969925	0.5269461078			0.2000000000	0.2000000000	0.1454545455	0.0754716981	0.1000000000				0.0370370370				0.4102564103	0.4232558140	0.3716814159	0.2323232323	0.0909090909																								
Amazonas	VSR	Pos	AM	Brazil												0.0000000000	0.0000000000	0.0000000000																																																																																	
Bahia	ADENO	Pos	BA	Brazil																																																																																															
Bahia	BAC	Pos	BA	Brazil																																																																																															
Bahia	BOCA	Pos	BA	Brazil																																																																																															
Bahia	COVS	Pos	BA	Brazil																																																																																															
Bahia	ENTERO	Pos	BA	Brazil																																																																																															
Bahia	FLUA	Pos	BA	Brazil												0.0852713178	0.0000000000	0.0000000000	0.0000000000	0.0000000000																																																																															
Bahia	FLUB	Pos	BA	Brazil												0.0000000000	0.0000000000	0.0000000000	0.0000000000	0.0000000000																																																																															
Bahia	META	Pos	BA	Brazil																																																																																															
Bahia	PARA	Pos	BA	Brazil																																																																																															
Bahia	RINO	Pos	BA	Brazil																																																																																															
Bahia	SC2	Pos	BA	Brazil									0.1582733813	0.3413094051	0.4312946783	0.5469893078	0.5638873849	0.4724711908	0.3622704508	0.2826086957	0.1551724138	0.0598086124	0.0632911392	0.0262390671	0.0452830189	0.0271084337	0.0330578512	0.0317460317	0.0215827338	0.0436893204	0.0814479638	0.0917874396	0.1548387097	0.2440000000	0.2751677852	0.3668261563	0.4302325581	0.5150943396	0.4886363636	0.4707347447	0.4045138889	0.3019323671	0.2457912458	0.2288135593	0.1185185185	0.0977777778	0.0447761194	0.0661764706	0.0400000000	0.0625000000	0.0427350427	0.0135135135		0.0555555556	0.0253164557			0.3488372093	0.6071428571	0.6143589744	0.6114570361	0.4336043360	0.3515358362	0.3048780488	0.3119266055	0.1513157895	0.1182795699	0.1600000000	0.0597014925	0.0869565217	0.0869565217	0.0465116279	0.1500000000	0.1564245810	0.1015625000	0.2380952381	0.1574803150	0.1672597865	0.2162162162	0.2416666667	0.2090909091	0.2648648649	0.3224043716	0.2165354331	0.2355555556	0.2054794521	0.1578947368	0.1265822785	0.0897435897	0.0784313725	0.0952380952	0.0392156863							
Bahia	VSR	Pos	BA	Brazil												0.0300000000	0.0000000000	0.0000000000	0.0087719298	0.0000000000																																																																															
Ceará	ADENO	Pos	CE	Brazil																																																																																															
Ceará	BAC	Pos	CE	Brazil																																																																																															
Ceará	COVS	Pos	CE	Brazil																																																																																															
Ceará	FLUA	Pos	CE	Brazil																																																																																															
Ceará	FLUB	Pos	CE	Brazil																																																																																															
Ceará	META	Pos	CE	Brazil																																																																																															
Ceará	PARA	Pos	CE	Brazil																																																																																															
Ceará	RINO	Pos	CE	Brazil																																																																																															
Ceará	SC2	Pos	CE	Brazil																																			0.5437500000	0.5347593583	0.4496124031	0.3333333333																	0.3278688525	0.4590163934	0.5570469799	0.2830188679													0.2258064516	0.1011235955	0.1547619048	0.1324200913		0.2452830189		0.3076923077	0.2063492063	0.1093750000	0.1272727273														
Ceará	VSR	Pos	CE	Brazil																																																																																															
Distrito Federal	ADENO	Pos	DF	Brazil																																																																																															
Distrito Federal	BAC	Pos	DF	Brazil																																																																																															
Distrito Federal	BOCA	Pos	DF	Brazil																																																																																															
Distrito Federal	COVS	Pos	DF	Brazil																																																																																															
Distrito Federal	ENTERO	Pos	DF	Brazil																																																																																															
Distrito Federal	FLUA	Pos	DF	Brazil									0.4423076923	0.2946859903	0.1866913124	0.1029336078	0.0228915663	0.0119604784	0.0020304569	0.0037174721	0.0017825312	0.0000000000	0.0043478261	0.0000000000	0.0000000000	0.0052770449	0.0000000000	0.0000000000	0.0078125000	0.0106951872	0.0000000000	0.0041152263	0.0000000000	0.0032573290	0.0000000000	0.0101010101	0.0000000000	0.0000000000	0.0000000000	0.0254237288	0.0172413793	0.0101010101	0.0000000000	0.0000000000	0.0405405405	0.0574712644	0.0593220339	0.1707317073	0.3529411765	0.3333333333	0.4128878282	0.3091922006	0.2336182336	0.1526479751	0.1142857143	0.1818181818	0.1519607843	0.0520833333	0.0312500000	0.0079365079	0.0174672489	0.0093457944	0.0052083333	0.0000000000	0.0059171598	0.0145985401	0.0336134454	0.0101010101	0.0219780220	0.0178571429	0.0139860140	0.0058823529	0.0000000000	0.0150375940	0.0370370370	0.0122699387	0.0363636364	0.0825688073	0.1078838174	0.0792452830	0.1198347107	0.1072386059	0.1812688822	0.1158192090	0.1208459215	0.1080246914	0.0666666667	0.0901287554	0.0465116279	0.0601092896	0.0448717949	0.0470588235	0.0331125828	0.0633802817	0.0526315789	0.0322580645	0.0476190476	0.0384615385	
Distrito Federal	FLUB	Pos	DF	Brazil									0.0000000000	0.0032467532	0.0000000000	0.0000000000	0.0000000000	0.0006285355	0.0000000000	0.0000000000	0.0021186441	0.0000000000	0.0000000000	0.0000000000	0.0000000000	0.0000000000	0.0000000000	0.0000000000	0.0000000000	0.0000000000	0.0000000000	0.0000000000	0.0000000000	0.0000000000	0.0000000000	0.0025575448	0.0000000000	0.0000000000	0.0000000000	0.0000000000	0.0000000000	0.0000000000	0.0000000000	0.0000000000	0.0000000000	0.0000000000	0.0000000000	0.0000000000	0.0000000000	0.0034843206	0.0000000000	0.0034013605	0.0000000000	0.0000000000	0.0000000000	0.0000000000	0.0000000000	0.0000000000	0.0066666667	0.0000000000	0.0044052863	0.0046948357	0.0000000000	0.0000000000	0.0000000000	0.0000000000	0.0000000000	0.0102040816	0.0000000000	0.0178571429	0.0069930070	0.0176470588	0.0184049080	0.0676691729	0.0592592593	0.0490797546	0.0776255708	0.0804953560	0.1213389121	0.1250000000	0.0995850622	0.1313672922	0.0785498489	0.0764872521	0.0574018127	0.0402476780	0.0573248408	0.0258620690	0.0325581395	0.0218579235	0.0064102564	0.0176470588	0.0000000000	0.0141843972	0.0210526316	0.0107526882	0.0120481928	0.0128205128	
Distrito Federal	META	Pos	DF	Brazil																																																																																															
Distrito Federal	PARA	Pos	DF	Brazil																																																																																															
Distrito Federal	RINO	Pos	DF	Brazil																																																																																															
Distrito Federal	SC2	Pos	DF	Brazil									0.1426491994	0.2949073727	0.3938487426	0.5104025939	0.5448887830	0.5210297559	0.4403111599	0.3603811280	0.2582887701	0.1656203288	0.1106776477	0.0766283525	0.0486867393	0.0394385027	0.0370573703	0.0535914703	0.0512905361	0.0759425007	0.1192886457	0.1861222925	0.2681333792	0.3786435242	0.4193029244	0.4565122451	0.5245233343	0.4886195684	0.4254591715	0.3739411053	0.2817268329	0.2392246876	0.1918465228	0.1493550577	0.1291139241	0.0838951311	0.0617955694	0.0428061831	0.0362969005	0.0593607306	0.0249745158	0.0327653997	0.0109890110	0.1169134840	0.0534201954	0.0950626382	0.1478599222	0.1913289350	0.3566827697	0.3796628903	0.4803740618	0.4793035480	0.4628198149	0.4238061798	0.3254357298	0.2527193619	0.1787762906	0.1118051218	0.1091482650	0.0983810710	0.0881656805	0.0948131623	0.1287671233	0.1260810196	0.1775745910	0.1454005935	0.1611042439	0.1770320197	0.1912296564	0.1783042394	0.1874084919	0.1689373297	0.1729729730	0.1914814815	0.1796941376	0.1806917914	0.1764011799	0.1735270379	0.1383136095	0.1237488626	0.1076624636	0.0810810811	0.0914036997	0.1176470588	0.1205211726	0.1455399061	0.1688963211	0.1944827586	0.2352941176
Distrito Federal	VSR	Pos	DF	Brazil												0.0010214505	0.0118811881	0.0050590219	0.0000000000	0.0090909091	0.0541871921	0.0837209302	0.1007556675	0.0891472868	0.1918604651	0.1250000000	0.1730769231	0.1551724138	0.2873563218	0.1228070175	0.1353383459	0.1153846154	0.0758620690	0.0535714286	0.1104294479	0.0193236715	0.0181818182	0.0214285714	0.0329670330	0.0277777778	0.0384615385	0.0158730159	0.0156250000		0.0175438596	0.0370370370	0.0000000000	0.0000000000	0.0117647059	0.0133333333				0.0256410256	0.0136986301	0.0178571429		0.0000000000		0.0430107527	0.1348314607	0.0934579439	0.1864406780	0.3000000000	0.2931034483	0.3076923077	0.2608695652	0.2602739726	0.2753623188	0.2650602410	0.1785714286	0.3511450382	0.2975206612	0.2403846154	0.2654867257	0.2913385827	0.2953020134	0.2135922330	0.1273885350	0.1538461538	0.1347517730	0.1129707113	0.0926829268	0.0599078341	0.0304568528	0.0452261307	0.0258064516	0.0357142857	0.0243902439	0.0500000000	0.0306122449	0.0103092784	0.0105263158	0.0666666667	0.0000000000	0.0181818182			
Espírito Santo	ADENO	Pos	ES	Brazil																																																																																															
Espírito Santo	BAC	Pos	ES	Brazil																																																																																															
Espírito Santo	COVS	Pos	ES	Brazil																																																																																															
Espírito Santo	FLUA	Pos	ES	Brazil												0.0601092896	0.0285714286	0.0000000000																																																																																	
Espírito Santo	FLUB	Pos	ES	Brazil												0.0000000000	0.0000000000	0.0000000000																																																																																	
Espírito Santo	META	Pos	ES	Brazil																																																																																															
Espírito Santo	PARA	Pos	ES	Brazil																																																																																															
Espírito Santo	RINO	Pos	ES	Brazil																																																																																															
Espírito Santo	SC2	Pos	ES	Brazil										0.2622950820		0.6916996047	0.6832061069	0.6148648649	0.4230769231	0.1818181818									0.0370370370	0.0259740260	0.0721649485	0.1153846154	0.0714285714	0.1509433962		0.3704918033	0.3678160920	0.4227053140	0.4727272727	0.4162995595	0.4222222222	0.2909090909	0.2246376812	0.2296296296	0.1666666667			0.0357142857		0.0192307692									0.4242424242	0.4705882353	0.5454545455			0.3734939759		0.0886075949						0.0943396226	0.1132075472	0.1296296296	0.1518987342	0.1724137931		0.2285714286						0.2105263158	0.1882352941		0.0806451613												
Espírito Santo	VSR	Pos	ES	Brazil												0.0054644809	0.0000000000	0.0000000000																																																																																	
Goiás	ADENO	Pos	GO	Brazil										0.0028735632	0.0029239766	0.0000000000	0.0458015267	0.0606060606	0.0178571429		0.0000000000																																																											0.0000000000		0.0000000000	0.0172413793																
Goiás	BAC	Pos	GO	Brazil										0.0000000000	0.0000000000	0.0000000000	0.0000000000	0.0000000000	0.0000000000		0.0000000000																																																											0.0384615385		0.0196078431	0.0689655172																
Goiás	BOCA	Pos	GO	Brazil										0.0057636888	0.0058479532	0.0000000000	0.0229007634	0.0303030303	0.0185185185		0.1290322581																																																											0.0192307692			0.0000000000																
Goiás	COVS	Pos	GO	Brazil										0.0114942529	0.0000000000	0.0000000000	0.0152671756	0.0000000000	0.0000000000		0.0000000000																																																											0.0192307692		0.0000000000	0.0344827586																
Goiás	ENTERO	Pos	GO	Brazil										0.0057636888	0.0058479532	0.0000000000	0.0000000000	0.0151515152	0.0185185185		0.0483870968																																																											0.0000000000			0.0344827586																
Goiás	FLUA	Pos	GO	Brazil										0.3917050691	0.3204903678	0.1275899673	0.0503048780	0.0186246418	0.0117370892	0.0064935065	0.0040485830	0.0061728395	0.0000000000	0.0000000000	0.0169491525	0.0000000000						0.0153846154	0.0000000000	0.0000000000	0.0000000000	0.0297029703		0.0370370370	0.0333333333	0.1718750000									0.3064516129		0.4835164835	0.3856209150	0.3515151515	0.1818181818	0.1578947368	0.1403508772	0.1568627451	0.0895522388	0.0135135135	0.0300000000	0.0365853659	0.0454545455	0.0303030303	0.0000000000	0.1090909091			0.0000000000			0.0000000000	0.0000000000	0.0000000000	0.0192307692	0.0312500000	0.0333333333	0.0384615385	0.0731707317	0.1558441558	0.1437908497	0.1495327103	0.2706766917	0.1307692308	0.1679389313	0.2074074074	0.1600000000	0.0468750000	0.0952380952	0.0810810811	0.0810810811	0.0500000000	0.0447761194	0.0566037736						
Goiás	FLUB	Pos	GO	Brazil										0.0000000000	0.0000000000	0.0000000000	0.0000000000	0.0000000000	0.0023923445	0.0000000000	0.0000000000	0.0000000000	0.0000000000	0.0112359551	0.0000000000	0.0000000000						0.0000000000	0.0000000000	0.0000000000	0.0000000000	0.0000000000		0.0000000000	0.0000000000	0.0000000000									0.0000000000		0.0000000000	0.0000000000	0.0000000000	0.0000000000	0.0000000000	0.0000000000		0.0000000000	0.0000000000	0.0000000000	0.0000000000	0.0000000000	0.0000000000	0.0000000000	0.0000000000			0.0131578947			0.0259740260	0.0256410256	0.0625000000	0.0576923077	0.0312500000	0.0500000000	0.1153846154	0.1626016260	0.0909090909	0.1633986928	0.1028037383	0.1052631579	0.0615384615	0.0923076923	0.0222222222	0.0300000000	0.0317460317	0.0119047619	0.0000000000	0.0540540541	0.0000000000	0.0149253731	0.0000000000						
Goiás	META	Pos	GO	Brazil										0.0000000000	0.0029239766	0.0000000000	0.0000000000	0.0303030303	0.0178571429		0.0000000000																																																											0.0000000000		0.0196078431	0.0344827586																
Goiás	PARA	Pos	GO	Brazil										0.0143678161	0.0146198830	0.0000000000	0.0305343511	0.0000000000	0.0178571429		0.0151515152																																																											0.0576923077		0.0392156863	0.0344827586																
Goiás	RINO	Pos	GO	Brazil										0.1034482759	0.0701754386	0.0310559006	0.0305343511	0.0303030303	0.1250000000		0.2272727273																																																											0.0769230769		0.0588235294	0.1379310345																
Goiás	SC2	Pos	GO	Brazil									0.1176470588	0.3050475494	0.3719660194	0.4709236032	0.5044510386	0.4617860016	0.4231213873	0.2536496350	0.1816192560	0.0920000000	0.0753246753	0.0650154799	0.0456852792	0.0304347826	0.0295857988	0.0246913580	0.0444444444	0.0335570470	0.0645161290	0.1232876712	0.1718750000	0.2796352584	0.3443396226	0.3744075829	0.4124809741	0.4154228856	0.3601012425	0.3207658321	0.3059671606	0.2484076433	0.2002534854	0.1482004234	0.1219702893	0.0884582982	0.0614859095	0.0368271955	0.0172413793	0.0165692008	0.0061538462	0.0115089514	0.0151515152	0.0137524558	0.0181818182	0.0271317829	0.0550239234	0.1575144509	0.2629310345	0.3394985614	0.3922988944	0.3879862137	0.3868778281	0.3555858311	0.3101123596	0.2630560928	0.1812688822	0.1259500543	0.1128205128	0.0967741935	0.0827225131	0.0919431280	0.0766129032	0.0805452292	0.0976514215	0.0997375328	0.1161161161	0.0953608247	0.0956416465	0.0442804428	0.0883905013	0.0770156438	0.0683646113	0.0962861073	0.1088154270	0.1126760563	0.1186736475	0.0930735931	0.0775047259	0.0794979079	0.0585480094	0.0724637681	0.0404984424	0.0716723549	0.0714285714	0.0823529412	0.1172161172	0.2000000000	0.2475247525
Goiás	VSR	Pos	GO	Brazil										0.0552631579	0.0858778626	0.0204081633	0.0451977401	0.0263591433	0.0721925134	0.1205673759	0.1965065502	0.2448979592	0.1585365854	0.1509433962		0.1142857143						0.0517241379			0.0298507463	0.0117647059			0.0338983051	0.0163934426									0.0000000000		0.0000000000	0.0000000000	0.0000000000	0.0000000000	0.0161290323			0.0000000000	0.0000000000	0.0114942529	0.1095890411	0.0161290323	0.0000000000		0.1176470588			0.0405405405			0.2000000000	0.3205128205	0.3625000000	0.2500000000	0.2666666667		0.3466666667	0.2333333333	0.1904761905	0.1854304636	0.1400000000	0.1171875000	0.0806451613	0.0813008130	0.0538461538	0.0312500000	0.0341880342	0.0259740260	0.0277777778	0.0281690141	0.0517241379	0.0000000000	0.0392156863						
Maranhão	ADENO	Pos	MA	Brazil																																																																																															
Maranhão	BAC	Pos	MA	Brazil																																																																																															
Maranhão	COVS	Pos	MA	Brazil																																																																																															
Maranhão	FLUA	Pos	MA	Brazil											0.1363636364	0.0769230769		0.0142857143																																																																																	
Maranhão	FLUB	Pos	MA	Brazil											0.0000000000	0.0000000000		0.0000000000																																																																																	
Maranhão	META	Pos	MA	Brazil																																																																																															
Maranhão	PARA	Pos	MA	Brazil																																																																																															
Maranhão	RINO	Pos	MA	Brazil																																																																																															
Maranhão	SC2	Pos	MA	Brazil										0.3343108504	0.5254629630	0.6412671233	0.5505181347	0.3739130435	0.2721518987	0.1851851852	0.1206896552	0.0483870968	0.0000000000	0.0178571429								0.2500000000	0.1578947368	0.1500000000	0.1341463415	0.3284671533	0.3409090909	0.4142259414	0.4480286738	0.4746543779	0.3606557377	0.2405063291	0.3387096774				0.0634920635											0.3114754098	0.5348837209	0.5050505051	0.4902912621	0.4117647059	0.2471910112											0.2459016393	0.1147540984	0.1744186047	0.1182795699	0.1571428571				0.2469135802	0.1228070175	0.2068965517	0.0517241379														
Maranhão	VSR	Pos	MA	Brazil														0.0000000000																																																																																	
Mato Grosso	ADENO	Pos	MT	Brazil																																																																																															
Mato Grosso	BAC	Pos	MT	Brazil																																																																																															
Mato Grosso	BOCA	Pos	MT	Brazil																																																																																															
Mato Grosso	COVS	Pos	MT	Brazil																																																																																															
Mato Grosso	ENTERO	Pos	MT	Brazil																																																																																															
Mato Grosso	FLUA	Pos	MT	Brazil												0.0564997703	0.0275049116	0.0075187970	0.0000000000	0.0000000000	0.0000000000	0.0000000000	0.0000000000	0.0000000000		0.0000000000																																																																									
Mato Grosso	FLUB	Pos	MT	Brazil												0.0000000000	0.0000000000	0.0000000000	0.0000000000	0.0000000000	0.0000000000	0.0000000000	0.0000000000	0.0000000000		0.0000000000																																																																									
Mato Grosso	META	Pos	MT	Brazil																																																																																															
Mato Grosso	PARA	Pos	MT	Brazil																																																																																															
Mato Grosso	RINO	Pos	MT	Brazil																																																																																															
Mato Grosso	SC2	Pos	MT	Brazil									0.2206572770	0.3959183673	0.5170807453	0.5694010103	0.5951401869	0.5162639405	0.4004576659	0.2849223947	0.1845070423	0.1296660118	0.0853174603	0.0232558140	0.0137741047	0.0147058824	0.0065146580	0.0169971671	0.0166666667	0.0313725490	0.0955056180	0.1522491349	0.1947565543	0.2447552448	0.2975517891	0.3048620237	0.3483606557	0.3439153439	0.3662109375	0.3519736842	0.3358395990	0.3175542406	0.3061224490	0.2310469314	0.1120000000	0.1304347826	0.0528634361	0.0104712042	0.0124223602	0.0344827586	0.0000000000	0.0000000000		0.0125000000	0.0294117647	0.0098039216		0.0377358491	0.1189189189	0.2188552189	0.2447368421	0.4775784753	0.3902439024	0.3975659229	0.3990267640	0.2591240876	0.2572815534	0.2040816327	0.0878378378	0.0396825397	0.0800000000	0.0634920635	0.0714285714	0.0329670330	0.0562500000	0.0724637681	0.0451977401	0.0414507772	0.0737327189	0.0575539568	0.0588235294	0.0979020979	0.0813953488	0.0830039526	0.1027397260	0.1071428571	0.1402714932	0.1346153846	0.1612903226	0.0986842105	0.1698113208	0.1085271318	0.0964912281	0.0769230769	0.0410958904	0.1000000000	0.1060606061	0.1363636364	
Mato Grosso	VSR	Pos	MT	Brazil												0.0004604052	0.0000000000	0.0000000000	0.0000000000	0.0105263158	0.0171428571	0.0470588235	0.0344827586	0.0508474576		0.0307692308																																																																									
Mato Grosso do Sul	ADENO	Pos	MS	Brazil																																																																																															
Mato Grosso do Sul	BAC	Pos	MS	Brazil																																																																																															
Mato Grosso do Sul	BOCA	Pos	MS	Brazil																																																																																															
Mato Grosso do Sul	COVS	Pos	MS	Brazil																																																																																															
Mato Grosso do Sul	ENTERO	Pos	MS	Brazil																																																																																															
Mato Grosso do Sul	FLUA	Pos	MS	Brazil												0.1122112211	0.0502392344	0.0113207547	0.0131578947	0.0000000000																																																																															
Mato Grosso do Sul	FLUB	Pos	MS	Brazil												0.0000000000	0.0000000000	0.0000000000	0.0000000000	0.0000000000																																																																															
Mato Grosso do Sul	META	Pos	MS	Brazil																																																																																															
Mato Grosso do Sul	PARA	Pos	MS	Brazil																																																																																															
Mato Grosso do Sul	RINO	Pos	MS	Brazil																																																																																															
Mato Grosso do Sul	SC2	Pos	MS	Brazil						0.0363636364		0.0333333333	0.0508474576	0.2976939203	0.4369501466	0.5596153846	0.6129905277	0.6034188034	0.5070422535	0.3348416290	0.2446043165	0.0919540230	0.1052631579	0.0555555556	0.0256410256	0.0303030303		0.1111111111	0.0517241379	0.0303030303	0.1267605634	0.1204819277	0.1981132075	0.3263157895	0.2727272727	0.3730569948	0.3625000000	0.4797687861	0.3850267380	0.4193548387	0.3496503497	0.3604651163	0.3855421687	0.2941176471	0.2063492063	0.2452830189	0.1969696970			0.0925925926									0.3636363636	0.2407407407	0.3278688525	0.5072463768	0.3559322034	0.5068493151																																			
Mato Grosso do Sul	VSR	Pos	MS	Brazil												0.0000000000	0.0000000000	0.0000000000	0.0000000000	0.0000000000																																																																															
Minas Gerais	ADENO	Pos	MG	Brazil																																																																																															
Minas Gerais	BAC	Pos	MG	Brazil																																																																																															
Minas Gerais	BOCA	Pos	MG	Brazil																																																																																															
Minas Gerais	COVS	Pos	MG	Brazil																																																																																															
Minas Gerais	ENTERO	Pos	MG	Brazil																																																																																															
Minas Gerais	FLUA	Pos	MG	Brazil												0.1120872463	0.0631299735	0.0172811060	0.0118265440	0.0046189376	0.0022988506	0.0000000000	0.0000000000	0.0000000000		0.0000000000																																																																									
Minas Gerais	FLUB	Pos	MG	Brazil												0.0000000000	0.0000000000	0.0000000000	0.0000000000	0.0000000000	0.0000000000	0.0000000000	0.0000000000	0.0000000000		0.0000000000																																																																									
Minas Gerais	META	Pos	MG	Brazil																																																																																															
Minas Gerais	PARA	Pos	MG	Brazil																																																																																															
Minas Gerais	RINO	Pos	MG	Brazil																																																																																															
Minas Gerais	SC2	Pos	MG	Brazil						0.0000000000		0.0000000000	0.1656441718	0.4291938998	0.5371833840	0.5433920355	0.5637126377	0.5409654562	0.4910586552	0.4214079074	0.2968929804	0.2233542320	0.1638795987	0.1304347826	0.0958904110	0.0871632330	0.0749601276	0.0955777461	0.1447587354	0.1815856777	0.2611683849	0.3713577185	0.4368701838	0.4063412599	0.4028013582	0.3577389985	0.3786635404	0.4119980169	0.4289955468	0.4134014764	0.3828306265	0.3551696922	0.3156843157	0.2853932584	0.2759381898	0.1901336074	0.1515151515	0.0952927669	0.0660474716	0.0552763819	0.0367647059	0.0333333333	0.0148514851	0.0711462451	0.0477326969	0.0710900474	0.0873786408	0.1586206897	0.2873949580	0.3598615917	0.4020016681	0.5124298316	0.5342639594	0.5353606789	0.4803817603	0.4274084125	0.3481481481	0.2794411178	0.2173913043	0.2109004739	0.1278026906	0.1290877797	0.1250000000	0.1085409253	0.1288461538	0.1284210526	0.1122994652	0.1358885017	0.1065217391	0.1016260163	0.1212121212	0.0963114754	0.1185567010	0.1911532385	0.1663685152	0.1809369952	0.2000000000	0.1995412844	0.2211302211	0.2028985507	0.2243767313	0.2374301676	0.1868131868	0.1694214876	0.1458333333	0.1879194631	0.1428571429	0.2142857143	
Minas Gerais	VSR	Pos	MG	Brazil												0.0091074681	0.0042507970	0.0023068051	0.0078947368	0.0093240093	0.0114942529	0.0094786730	0.0099009901	0.0312500000		0.0089285714																																																																									
Paraná	ADENO	Pos	PR	Brazil																																																																																															
Paraná	BAC	Pos	PR	Brazil																																																																																															
Paraná	BOCA	Pos	PR	Brazil																																																																																															
Paraná	COVS	Pos	PR	Brazil																																																																																															
Paraná	ENTERO	Pos	PR	Brazil																																																																																															
Paraná	FLUA	Pos	PR	Brazil										0.2385786802	0.1368421053	0.0578034682	0.0392156863	0.0400000000	0.0181818182		0.0384615385		0.0350877193								0.0800000000	0.0238095238	0.0851063830	0.0816326531	0.1428571429	0.1785714286	0.2454545455	0.1344537815	0.2380952381	0.2250000000	0.1279069767	0.1132075472	0.0491803279				0.0769230769	0.0882352941	0.0526315789				0.4716981132	0.3035714286	0.2622950820	0.2820512821	0.2666666667	0.1965811966	0.2500000000	0.1381215470	0.1666666667	0.1010101010	0.0655737705											0.0161290323			0.0784313725	0.1317829457	0.1467889908	0.1777777778	0.2752808989	0.1831683168	0.1856287425	0.1578947368	0.1943127962	0.1391304348	0.1529411765	0.1367521368	0.1269841270	0.0505050505	0.0869565217	0.0319148936	0.0875000000	0.0109890110					
Paraná	FLUB	Pos	PR	Brazil										0.0000000000	0.0000000000	0.0000000000	0.0000000000	0.0000000000	0.0000000000				0.0000000000								0.0000000000	0.0000000000	0.0000000000	0.0000000000	0.0000000000	0.0000000000	0.0000000000	0.0084033613	0.0000000000	0.0085470085	0.0000000000	0.0000000000	0.0000000000				0.0000000000	0.0000000000	0.0000000000					0.0000000000	0.0000000000	0.0000000000	0.0000000000	0.0000000000	0.0000000000	0.0057803468	0.0000000000	0.0104166667	0.0175438596											0.0322580645			0.0707070707	0.1023622047	0.0654205607	0.1127819549	0.0693641618	0.0402010050	0.0981595092	0.0878048780	0.0724637681	0.0755555556	0.1071428571	0.0689655172	0.0240000000	0.0833333333	0.0530973451	0.0000000000	0.0256410256	0.0109890110					
Paraná	META	Pos	PR	Brazil																																																																																															
Paraná	PARA	Pos	PR	Brazil																																																																																															
Paraná	RINO	Pos	PR	Brazil																																																																																															
Paraná	SC2	Pos	PR	Brazil										0.3807768642	0.4392638037	0.5495327103	0.5547218629	0.5182876143	0.3966415750	0.3889392566	0.2768791627	0.1958041958	0.1518105850	0.1242038217	0.1175616836	0.1199421965	0.1370629371	0.1952908587	0.2538011696	0.2590252708	0.3390894819	0.3872832370	0.4046610169	0.3895476504	0.3488126649	0.3229594833	0.3155619597	0.3214487832	0.2967479675	0.2977396726	0.2608142494	0.2757092199	0.2231404959	0.1933827724	0.1866825208	0.1556179775	0.1161455010	0.0910973085	0.0655021834	0.0563947633	0.0566251416	0.0616113744	0.0450000000	0.0682170543	0.0292397661	0.0757780785	0.1417475728	0.2450657895	0.3516930023	0.4057712861	0.4410011919	0.4571799308	0.4403992954	0.4165302782	0.3937246964	0.3163265306	0.2262626263	0.1761363636	0.1258064516	0.0923566879	0.1627296588	0.1302211302	0.1280193237	0.1360946746	0.1247974068	0.1590214067	0.1504315660	0.1625560538	0.1190108192	0.1111111111	0.1160593792	0.1089918256	0.0977198697	0.0984503191	0.0924623116	0.0997706422	0.0858806405	0.0572597137	0.0594965675	0.0817438692	0.0725388601	0.0640243902	0.0590551181	0.0666666667	0.1100917431	0.0859375000	0.1044776119	0.1568627451	0.1406250000
Paraná	VSR	Pos	PR	Brazil															0.0099009901				0.1568627451								0.2028985507	0.1842105263	0.1395348837	0.0666666667	0.0735294118	0.0673076923	0.0582524272	0.0091743119	0.0250000000	0.0277777778	0.0131578947		0.0338983051					0.0000000000	0.0000000000							0.0185185185		0.0357142857		0.0344827586	0.0581395349	0.0533333333												0.0862068966			0.3186813187	0.1570247934	0.2700000000	0.2030075188	0.1699346405	0.1042944785	0.0890410959	0.0937500000	0.0679012346	0.0424242424	0.0517241379	0.0609756098	0.0631578947	0.0307692308	0.0459770115	0.0277777778	0.0307692308	0.0405405405					
Paraíba	ADENO	Pos	PB	Brazil																																																																																															
Paraíba	BAC	Pos	PB	Brazil																																																																																															
Paraíba	COVS	Pos	PB	Brazil																																																																																															
Paraíba	FLUA	Pos	PB	Brazil																																																																																															
Paraíba	FLUB	Pos	PB	Brazil																																																																																															
Paraíba	META	Pos	PB	Brazil																																																																																															
Paraíba	PARA	Pos	PB	Brazil																																																																																															
Paraíba	RINO	Pos	PB	Brazil																																																																																															
Paraíba	SC2	Pos	PB	Brazil													0.6962616822	0.7122641509																					0.4191919192	0.4082969432	0.3037974684	0.2864583333	0.2482517483	0.2064220183	0.1452513966	0.0845070423	0.0659898477	0.0521739130	0.0506329114	0.0384615385	0.0125000000	0.0112359551	0.0508474576	0.0781250000	0.0449438202	0.1333333333	0.3048780488	0.6009501188	0.6352793471	0.5536823425	0.3756218905	0.2887700535	0.1604278075	0.1011235955	0.1296296296	0.1222222222	0.1047619048	0.0147058824	0.0307692308	0.0000000000	0.0149253731	0.0000000000	0.0769230769	0.0465116279	0.0270270270	0.0317460317	0.0821917808	0.0737704918	0.1081081081	0.0684931507	0.1325301205	0.1250000000	0.2023809524	0.3076923077	0.3525179856	0.3361344538	0.4351851852	0.2888888889	0.3809523810										
Paraíba	VSR	Pos	PB	Brazil																																																																																															
Pará	ADENO	Pos	PA	Brazil																																																																																															
Pará	BAC	Pos	PA	Brazil																																																																																															
Pará	COVS	Pos	PA	Brazil																																																																																															
Pará	FLUA	Pos	PA	Brazil												0.0312500000	0.0000000000	0.0000000000	0.0068027211																																																																																
Pará	FLUB	Pos	PA	Brazil												0.0000000000	0.0000000000	0.0000000000	0.0000000000																																																																																
Pará	META	Pos	PA	Brazil																																																																																															
Pará	PARA	Pos	PA	Brazil																																																																																															
Pará	RINO	Pos	PA	Brazil																																																																																															
Pará	SC2	Pos	PA	Brazil										0.2000000000	0.4390243902	0.6530120482	0.6880503145	0.4708860759	0.2600536193	0.1666666667	0.1318681319	0.0793650794	0.0842105263		0.0161290323	0.0241935484	0.0724637681	0.0357142857		0.0163934426				0.0172413793	0.0689655172	0.1562500000		0.2619047619	0.4159292035	0.4246575342	0.4137931034	0.3048780488	0.2592592593													0.3750000000				0.3773584906											0.4166666667	0.3913043478		0.1692307692																									
Pará	VSR	Pos	PA	Brazil												0.0000000000	0.0000000000	0.0000000000	0.0000000000																																																																																
Pernambuco	ADENO	Pos	PE	Brazil																																																																																															
Pernambuco	BAC	Pos	PE	Brazil																																																																																															
Pernambuco	COVS	Pos	PE	Brazil																																																																																															
Pernambuco	FLUA	Pos	PE	Brazil										0.4507042254		0.0185185185																																																																																			
Pernambuco	FLUB	Pos	PE	Brazil										0.0000000000																																																																																					
Pernambuco	META	Pos	PE	Brazil																																																																																															
Pernambuco	PARA	Pos	PE	Brazil																																																																																															
Pernambuco	RINO	Pos	PE	Brazil																																																																																															
Pernambuco	SC2	Pos	PE	Brazil										0.2189189189	0.3112391931	0.4662045061	0.5992037160	0.5261121857	0.3360655738	0.2814371257	0.0458015267	0.0204081633	0.0490196078	0.0291262136	0.0190476190	0.0151515152	0.0206185567	0.0147058824	0.0535714286	0.0967741935	0.1190476190	0.1367521368	0.2169811321	0.2290076336	0.3412698413	0.4291845494	0.4743276284	0.4574780059	0.4327902240	0.3263988522	0.2357071214	0.1970108696	0.1490787270	0.1040000000	0.0517751479	0.0633484163	0.0274170274	0.0288888889	0.0176991150	0.0077922078	0.0054945055	0.0215053763	0.0135869565	0.0209059233	0.0432276657	0.1217948718	0.2846889952	0.4648408586	0.4853868195	0.3787972722	0.2806052270	0.1963636364	0.1231527094	0.1388888889	0.0511363636	0.0401146132	0.0265060241	0.0189873418	0.0168918919	0.0187500000	0.0206896552	0.0288461538	0.0470588235	0.0645161290	0.0576923077	0.0824587706	0.0911949686	0.1102941176	0.1322033898	0.1404255319	0.2196078431	0.2653061224	0.2572178478	0.2850574713	0.2791762014	0.1957446809	0.1414634146	0.1310043668	0.1027027027	0.1481481481	0.0357142857	0.0677966102	0.0378787879			0.0140845070	0.0365853659	0.0373831776	0.0181818182
Pernambuco	VSR	Pos	PE	Brazil																																																																																															
Piauí	ADENO	Pos	PI	Brazil																																																																																															
Piauí	BAC	Pos	PI	Brazil																																																																																															
Piauí	COVS	Pos	PI	Brazil																																																																																															
Piauí	FLUA	Pos	PI	Brazil																																																																																															
Piauí	FLUB	Pos	PI	Brazil																																																																																															
Piauí	META	Pos	PI	Brazil																																																																																															
Piauí	PARA	Pos	PI	Brazil																																																																																															
Piauí	RINO	Pos	PI	Brazil																																																																																															
Piauí	SC2	Pos	PI	Brazil													0.7085427136																																																																																		
Piauí	VSR	Pos	PI	Brazil																																																																																															
Rio Grande do Norte	ADENO	Pos	RN	Brazil																																																																																															
Rio Grande do Norte	BAC	Pos	RN	Brazil																																																																																															
Rio Grande do Norte	COVS	Pos	RN	Brazil																																																																																															
Rio Grande do Norte	FLUA	Pos	RN	Brazil																																																																																															
Rio Grande do Norte	FLUB	Pos	RN	Brazil																																																																																															
Rio Grande do Norte	META	Pos	RN	Brazil																																																																																															
Rio Grande do Norte	PARA	Pos	RN	Brazil																																																																																															
Rio Grande do Norte	RINO	Pos	RN	Brazil																																																																																															
Rio Grande do Norte	SC2	Pos	RN	Brazil										0.2941176471	0.4198895028	0.5963855422	0.6318082789	0.5887850467	0.3619631902	0.1348314607	0.0576923077				0.0192307692	0.0000000000	0.0156250000								0.3103448276	0.3888888889	0.3932584270	0.3650793651	0.4112149533	0.4923076923	0.3773584906																		0.4081632653	0.5593220339	0.5307692308	0.5270270270	0.3414634146																																				
Rio Grande do Norte	VSR	Pos	RN	Brazil																																																																																															
Rio Grande do Sul	ADENO	Pos	RS	Brazil																																																																																															
Rio Grande do Sul	BAC	Pos	RS	Brazil																																																																																															
Rio Grande do Sul	COVS	Pos	RS	Brazil																																																																																															
Rio Grande do Sul	FLUA	Pos	RS	Brazil										0.2097560976	0.0777777778	0.0519480519	0.0196078431																0.2068965517	0.1341463415	0.2682926829	0.1764705882	0.2105263158	0.1917808219	0.1770833333	0.1551724138	0.1346153846																																								0.1935483871	0.2280701754	0.2533333333	0.2970297030	0.2320000000	0.2272727273	0.1444444444												
Rio Grande do Sul	FLUB	Pos	RS	Brazil										0.0000000000	0.0000000000	0.0000000000																		0.0000000000	0.0000000000	0.0000000000		0.0000000000	0.0000000000		0.0000000000																																								0.1500000000	0.1272727273	0.0540540541	0.1400000000	0.1487603306	0.1192052980	0.0337078652												
Rio Grande do Sul	META	Pos	RS	Brazil																																																																																															
Rio Grande do Sul	PARA	Pos	RS	Brazil																																																																																															
Rio Grande do Sul	RINO	Pos	RS	Brazil																																																																																															
Rio Grande do Sul	SC2	Pos	RS	Brazil									0.4210526316	0.4107776702	0.4240267895	0.4826678368	0.4805876180	0.4264026403	0.3755383290	0.3524684271	0.2624671916	0.1674876847	0.1501706485	0.1489028213	0.1054977712	0.1100671141	0.1480519481	0.2118421053	0.2061459667	0.2497560976	0.3137065637	0.3858543417	0.4045329670	0.4088995791	0.3595588235	0.3330689929	0.3329831933	0.3220174588	0.2779816514	0.2994699647	0.3096836050	0.2869287991	0.3193960511	0.2773333333	0.1993720565	0.2024432810	0.1572327044	0.1465295630	0.0881355932	0.0437710438	0.0654205607	0.0540540541	0.0925925926	0.0576923077	0.0696517413	0.0781893004	0.1470588235	0.2172619048	0.3149350649	0.3258785942	0.4278959811	0.4052953157	0.3716075157	0.4193548387	0.3369175627	0.2415458937	0.2026143791	0.1538461538	0.0808080808	0.0506329114	0.0609756098	0.1165048544	0.0526315789	0.1627906977	0.1587301587	0.2247191011	0.2487562189	0.2829268293	0.3333333333	0.2342007435	0.1902654867	0.1692307692	0.0965517241	0.0813008130	0.0702479339	0.0716981132	0.0571428571	0.0333333333	0.0370370370	0.0491803279	0.0392156863	0.0754716981							
Rio Grande do Sul	VSR	Pos	RS	Brazil																																																																																0.2131147541	0.1372549020	0.1578947368													
Rio de Janeiro	ADENO	Pos	RJ	Brazil																																																																																															
Rio de Janeiro	BAC	Pos	RJ	Brazil																																																																																															
Rio de Janeiro	COVS	Pos	RJ	Brazil																																																																																															
Rio de Janeiro	FLUA	Pos	RJ	Brazil										0.0833333333	0.0146137787	0.0173281163	0.0042016807	0.0000000000	0.0000000000	0.0000000000	0.0000000000	0.0000000000	0.0277777778	0.0000000000	0.0000000000	0.0000000000				0.0000000000	0.0119047619	0.0000000000	0.0080000000	0.0000000000	0.0063694268	0.0079365079	0.0000000000	0.0000000000	0.0000000000	0.0000000000	0.0144927536		0.0172413793					0.0192307692					0.2238805970	0.1829268293	0.2197802198	0.2631578947	0.1388888889	0.1157407407		0.0551724138	0.0375000000	0.0000000000	0.1153846154					0.0112359551				0.0000000000	0.0000000000	0.0121951220	0.0136986301	0.0510204082	0.0816326531	0.0318471338	0.1172413793	0.0946745562	0.1351351351	0.1658536585	0.1379310345	0.1788079470	0.1589743590	0.1459459459	0.1616766467	0.1261261261	0.0569105691	0.0380952381	0.1000000000	0.0434782609	0.0097087379	0.0000000000	0.0000000000	0.0000000000			
Rio de Janeiro	FLUB	Pos	RJ	Brazil										0.0000000000	0.0000000000	0.0000000000	0.0000000000	0.0000000000	0.0000000000	0.0000000000	0.0000000000	0.0000000000	0.0280373832	0.0000000000	0.0000000000	0.0000000000				0.0000000000	0.0000000000	0.0000000000	0.0000000000	0.0000000000	0.0066666667	0.0081300813	0.0000000000	0.0000000000	0.0000000000	0.0000000000	0.0000000000		0.0000000000					0.0000000000					0.0000000000	0.0121951220	0.0000000000	0.0000000000	0.0000000000	0.0048076923		0.0000000000	0.0000000000	0.0000000000						0.0000000000				0.0333333333	0.0588235294	0.1707317073	0.0563380282	0.1020408163	0.0890410959	0.1089743590	0.1180555556	0.0650887574	0.0559440559	0.0294117647	0.0416666667	0.0397350993	0.0358974359	0.0604395604	0.0359281437	0.0450450450	0.0243902439	0.0285714286	0.0000000000	0.0326086957	0.0490196078	0.0106382979	0.0281690141	0.0000000000			
Rio de Janeiro	META	Pos	RJ	Brazil																																																																																															
Rio de Janeiro	PARA	Pos	RJ	Brazil																																																																																															
Rio de Janeiro	RINO	Pos	RJ	Brazil																																																																																															
Rio de Janeiro	SC2	Pos	RJ	Brazil					0.0344383650	0.0072702598	0.0056767254	0.0337114052	0.2043623079	0.4769496914	0.5202672204	0.5892961024	0.4831133540	0.3008691511	0.1339901478	0.0859801091	0.0467568187	0.0289296046	0.0312601758	0.0341726619	0.0245369257	0.0252958923	0.0313185092	0.0531434526	0.0652027027	0.0915032680	0.1213689963	0.1785389512	0.2066452929	0.2795212766	0.3279039863	0.3979381443	0.4622467772	0.4488647390	0.3951255539	0.3192994274	0.2480680062	0.1962592202	0.1412263536	0.1313578063	0.0995334370	0.0746268657	0.0342019544	0.0332594235	0.0387596899	0.0606758833	0.0354664611	0.0402476780	0.0531220876	0.0770811922	0.1394759087	0.2433823529	0.3122580645	0.4454342984	0.4653279786	0.3899204244	0.3327495622	0.2673667205	0.2082051282	0.2189119171	0.1803097345	0.1541125541	0.1086235489	0.1194644696	0.0949895616	0.1401425178	0.1632420091	0.1799387443	0.2855007474	0.2678635548	0.3060617330	0.2870855148	0.2528625954	0.1922348485	0.1572871573	0.1169014085	0.1129518072	0.0778625954	0.0794701987	0.0850515464	0.0623869801	0.0528673835	0.0362400906	0.0263788969	0.0434173669	0.0503778338	0.0313901345	0.0118343195	0.0326797386	0.0166666667	0.0219780220	0.0804597701			0.2125000000
Rio de Janeiro	VSR	Pos	RJ	Brazil												0.0019181586	0.0032840722	0.0000000000	0.0000000000	0.0066225166	0.0113636364	0.0000000000	0.0967741935	0.0410958904		0.0481927711					0.2272727273	0.2435897436	0.1559633028	0.1219512195	0.1071428571	0.0510204082	0.0750000000	0.0675675676		0.0181818182	0.0161290323													0.0000000000	0.0000000000	0.0000000000		0.0000000000		0.0000000000	0.0000000000							0.0348837209				0.0892857143		0.1216216216	0.0967741935	0.2298850575	0.2720000000	0.2803030303	0.2635658915	0.3137254902	0.3111111111	0.1925133690	0.1791044776	0.1702127660	0.1387283237	0.1097560976	0.1013513514	0.1134020619	0.0636363636	0.0808080808	0.0400000000	0.0561797753	0.0631578947	0.0795454545	0.0294117647	0.0175438596			
Rondônia	ADENO	Pos	RO	Brazil																																																																																															
Rondônia	BAC	Pos	RO	Brazil																																																																																															
Rondônia	COVS	Pos	RO	Brazil																																																																																															
Rondônia	FLUA	Pos	RO	Brazil																																																																																															
Rondônia	FLUB	Pos	RO	Brazil																																																																																															
Rondônia	META	Pos	RO	Brazil																																																																																															
Rondônia	PARA	Pos	RO	Brazil																																																																																															
Rondônia	RINO	Pos	RO	Brazil																																																																																															
Rondônia	SC2	Pos	RO	Brazil																																		0.2162162162	0.3861386139	0.3870967742																																																											
Rondônia	VSR	Pos	RO	Brazil																																																																																															
Roraima	ADENO	Pos	RR	Brazil																																																																																															
Roraima	BAC	Pos	RR	Brazil																																																																																															
Roraima	COVS	Pos	RR	Brazil																																																																																															
Roraima	FLUA	Pos	RR	Brazil																																																																																															
Roraima	FLUB	Pos	RR	Brazil																																																																																															
Roraima	META	Pos	RR	Brazil																																																																																															
Roraima	PARA	Pos	RR	Brazil																																																																																															
Roraima	RINO	Pos	RR	Brazil																																																																																															
Roraima	SC2	Pos	RR	Brazil													0.6777777778	0.4227642276	0.2615384615																	0.0952380952	0.3495145631	0.3966942149	0.4576923077	0.3981481481	0.3432835821	0.3500000000	0.2181818182																0.3209876543	0.3096774194	0.2307692308																																						
Roraima	VSR	Pos	RR	Brazil																																																																																															
Santa Catarina	ADENO	Pos	SC	Brazil																																																																																															
Santa Catarina	BAC	Pos	SC	Brazil																																																																																															
Santa Catarina	BOCA	Pos	SC	Brazil																																																																																															
Santa Catarina	COVS	Pos	SC	Brazil																																																																																															
Santa Catarina	ENTERO	Pos	SC	Brazil																																																																																															
Santa Catarina	FLUA	Pos	SC	Brazil																																					0.1186440678																																				0.1333333333	0.2297297297	0.2380952381	0.2962962963	0.2739726027	0.1818181818	0.1687500000	0.1902173913	0.0972972973	0.0837438424	0.0769230769	0.0708661417	0.0283018868	0.0581395349	0.0000000000	0.0312500000	0.0114942529	0.0178571429		0.0377358491			
Santa Catarina	FLUB	Pos	SC	Brazil																																					0.0000000000																																				0.0333333333	0.0945945946	0.0666666667	0.0592592593	0.0730593607	0.0252525253	0.0937500000	0.0652173913	0.0864864865	0.0837438424	0.0692307692	0.0787401575	0.0754716981	0.0581395349	0.0458715596	0.0625000000	0.0459770115	0.0357142857		0.0377358491			
Santa Catarina	META	Pos	SC	Brazil																																																																																															
Santa Catarina	PARA	Pos	SC	Brazil																																																																																															
Santa Catarina	RINO	Pos	SC	Brazil																																																																																															
Santa Catarina	SC2	Pos	SC	Brazil					0.0266666667	0.0714285714			0.2797202797	0.4764776840	0.5616438356	0.4616457462	0.3202416918	0.3977055449	0.3461538462	0.2589285714	0.2307692308	0.1479289941	0.1216216216	0.0379746835	0.0833333333	0.0992907801	0.1272727273	0.2371794872	0.1631205674	0.1888888889	0.2613636364	0.2618181818	0.2767527675	0.2664359862	0.2983870968	0.2229965157	0.2644628099	0.2028985507	0.2980769231	0.1018276762	0.1376623377	0.1309904153	0.1189710611	0.0631970260	0.1590106007	0.1083032491	0.1580882353	0.0974358974	0.0816326531	0.0359897172	0.0190476190	0.0364963504	0.0153846154	0.0614525140	0.0252365931	0.0563798220	0.0444444444	0.1059322034	0.1719457014	0.2189239332	0.2947214076	0.1996779388	0.1540229885	0.1902985075	0.1290650407	0.0837138508	0.0390492360	0.0355871886		0.1071428571		0.0723684211	0.0829145729	0.1136890951	0.1017699115	0.0887245841	0.1150592217	0.1370078740	0.1084598698	0.1118530885	0.1139240506	0.1033057851	0.0838574423	0.0809917355	0.0887245841	0.1047619048	0.0638297872	0.0643939394	0.0750000000	0.0687022901	0.0551470588	0.0436893204	0.0756756757	0.0238095238	0.0322580645	0.0161290323	0.0206185567	0.0467289720	0.0720000000
Santa Catarina	VSR	Pos	SC	Brazil																																					0.0172413793																																								0.0784313725			0.0909090909		0.0370370370													
Sergipe	ADENO	Pos	SE	Brazil																																																																																															
Sergipe	BAC	Pos	SE	Brazil																																																																																															
Sergipe	COVS	Pos	SE	Brazil																																																																																															
Sergipe	FLUA	Pos	SE	Brazil																																																																																															
Sergipe	FLUB	Pos	SE	Brazil																																																																																															
Sergipe	META	Pos	SE	Brazil																																																																																															
Sergipe	PARA	Pos	SE	Brazil																																																																																															
Sergipe	RINO	Pos	SE	Brazil																																																																																															
Sergipe	SC2	Pos	SE	Brazil														0.7758620690																																																																																	
Sergipe	VSR	Pos	SE	Brazil																																																																																															
São Paulo	ADENO	Pos	SP	Brazil										0.0074626866	0.0094786730	0.0232558140	0.0093457944	0.0526315789	0.0000000000	0.0434782609	0.0222222222	0.0405405405	0.0389610390	0.0714285714	0.0784313725	0.0787401575	0.0505050505	0.0894308943	0.0526315789	0.0640000000	0.0397350993	0.1000000000	0.0971428571	0.0988372093	0.1261682243	0.1566820276	0.1979166667	0.2030456853	0.2012578616	0.2086330935	0.2129629630	0.2631578947	0.3043478261	0.2643678161	0.2551020408	0.2959183673	0.2608695652	0.2258064516	0.3018867925	0.3414634146	0.1931818182	0.2560386473	0.2390243902	0.2397260274	0.2013888889	0.1959459459	0.1554054054	0.1147540984	0.1224489796	0.0568181818	0.1230769231	0.0909090909	0.1065573770	0.0695652174	0.0632911392	0.0500000000	0.1052631579	0.0172413793	0.0000000000	0.0151515152	0.0243902439	0.0297029703	0.0379746835	0.0256410256	0.0458715596	0.0280373832	0.0593220339	0.0451127820	0.0272727273	0.0357142857	0.0674157303	0.0608695652	0.0439560440	0.0277777778	0.0384615385	0.0317460317	0.0168067227	0.0223880597	0.0157480315	0.0347826087	0.0540540541	0.0465116279	0.0169491525	0.0483870968	0.0363636364	0.0144927536	0.0312500000	0.0243902439	0.0526315789
São Paulo	BAC	Pos	SP	Brazil										0.0000000000	0.0000000000	0.0000000000	0.0000000000	0.0000000000	0.0000000000	0.0000000000	0.0000000000	0.0000000000	0.0000000000	0.0000000000	0.0000000000	0.0000000000	0.0000000000	0.0000000000	0.0000000000	0.0000000000	0.0000000000	0.0000000000	0.0000000000	0.0000000000	0.0000000000	0.0000000000	0.0000000000	0.0000000000	0.0000000000	0.0000000000	0.0000000000	0.0000000000	0.0000000000	0.0000000000	0.0000000000	0.0000000000	0.0000000000	0.0000000000	0.0000000000	0.0000000000	0.0000000000	0.0000000000	0.0000000000	0.0000000000	0.0000000000	0.0067567568	0.0067567568	0.0163934426	0.0000000000	0.0000000000	0.0153846154	0.0069930070	0.0245901639	0.0173913043	0.0000000000	0.0000000000	0.0131578947	0.0172413793	0.0000000000	0.0000000000	0.0000000000	0.0000000000	0.0000000000	0.0000000000	0.0000000000	0.0093457944	0.0000000000	0.0375939850	0.0090909091	0.0000000000	0.0224719101	0.0173913043	0.0109890110	0.0092592593	0.0076923077	0.0079365079	0.0000000000	0.0149253731	0.0078740157	0.0173913043	0.0090090090	0.0116279070	0.0000000000	0.0483870968	0.0000000000	0.0289855072	0.0156250000	0.0000000000	0.0131578947
São Paulo	BOCA	Pos	SP	Brazil																																																																																															
São Paulo	COVS	Pos	SP	Brazil										0.0111940299	0.0094786730	0.0058139535	0.0000000000	0.0000000000	0.0153846154	0.0000000000	0.0000000000	0.0000000000	0.0000000000	0.0000000000	0.0000000000	0.0000000000	0.0101010101	0.0000000000	0.0000000000	0.0080000000	0.0132450331	0.0000000000	0.0228571429	0.0116279070	0.0373831776	0.0322580645	0.0520833333	0.0812182741	0.0880503145	0.1510791367	0.1574074074	0.1315789474	0.0978260870	0.0689655172	0.1632653061	0.1326530612	0.1130434783	0.1370967742	0.0754716981	0.0853658537	0.1022727273	0.0724637681	0.0585365854	0.0616438356	0.0694444444	0.0608108108	0.0810810811	0.0655737705	0.0612244898	0.0568181818	0.0692307692	0.0559440559	0.0245901639	0.0347826087	0.0632911392	0.0000000000	0.0131578947	0.0172413793	0.0000000000	0.0303030303	0.0243902439	0.0297029703	0.0126582278	0.0170940171	0.0183486239	0.0093457944	0.0084745763	0.0150375940	0.0454545455	0.0238095238	0.0224719101	0.0086956522	0.0329670330	0.0833333333	0.0846153846	0.1111111111	0.1092436975	0.0970149254	0.0944881890	0.1043478261	0.1081081081	0.0813953488	0.0508474576	0.0483870968	0.1272727273	0.0289855072	0.1250000000	0.0365853659	0.0526315789
São Paulo	ENTERO	Pos	SP	Brazil																																																																																															
São Paulo	FLUA	Pos	SP	Brazil									0.2835538752	0.1994067753	0.0875275452	0.0623255814	0.0378831695	0.0169246646	0.0113384274	0.0088728229	0.0073359073	0.0080917060	0.0078078078	0.0033422460	0.0028409091	0.0028105677	0.0070838253	0.0061919505	0.0054413543	0.0042328042	0.0047120419	0.0047972089	0.0033741038	0.0163876024	0.0138093634	0.0141762452	0.0154075547	0.0189596500	0.0303030303	0.0238693467	0.0327034884	0.0358667805	0.0534069982	0.0307845084	0.0329067642	0.0609939759	0.1003436426	0.1897574124	0.3220069863	0.3710745567	0.4183303085	0.3924395947	0.3557968302	0.2703069357	0.1963586531	0.1424388203	0.0922074668	0.0616766467	0.0430733411	0.0401994391	0.0365093500	0.0491543340	0.0368589744	0.0342857143	0.0289975145	0.0409181637	0.0627027027	0.0497237569	0.0629139073	0.0624486442	0.0588235294	0.0489633877	0.0627737226	0.0696933493	0.0826055313	0.0747950820	0.0888331941	0.0985313752	0.1076097888	0.1176262805	0.1436022253	0.1612802983	0.1906962415	0.1572838073	0.1664185770	0.1762405280	0.1655095807	0.1803760282	0.1354065436	0.1439214358	0.1101813110	0.0850873265	0.0580404686	0.0450571621	0.0417598807	0.0283737024	0.0203086921	0.0141643059	0.0155642023
São Paulo	FLUB	Pos	SP	Brazil									0.0047528517	0.0039462457	0.0086564140	0.0014353755	0.0011063695	0.0011343013	0.0002724796	0.0000000000	0.0000000000	0.0000000000	0.0016877637	0.0000000000	0.0025575448	0.0018315018	0.0010881393	0.0000000000	0.0010548523	0.0009132420	0.0008650519	0.0000000000	0.0000000000	0.0000000000	0.0000000000	0.0000000000	0.0000000000	0.0034071550	0.0000000000	0.0011668611	0.0013003901	0.0000000000	0.0016286645	0.0000000000	0.0000000000	0.0014204545	0.0047003525	0.0033305579	0.0013015184	0.0037125431	0.0006104074	0.0004561350	0.0007327081	0.0007869368	0.0006939625	0.0017743980	0.0006271558	0.0002606882	0.0004168404	0.0000000000	0.0027210884	0.0024732069	0.0008396306	0.0051652893	0.0091623037	0.0118518519	0.0288624788	0.0293367347	0.0685618729	0.0901339829	0.0939597315	0.1039119804	0.1025477707	0.1367521368	0.1182481752	0.1237756011	0.1276595745	0.1211367673	0.1098162259	0.0939437291	0.0722891566	0.0623709211	0.0569568755	0.0413223140	0.0365157855	0.0306709265	0.0265068991	0.0216579537	0.0196581197	0.0189104007	0.0178055823	0.0110837438	0.0131578947	0.0187793427	0.0091836735	0.0133333333	0.0086526576	0.0087241003	0.0061224490
São Paulo	META	Pos	SP	Brazil										0.0074626866	0.0142180095	0.0000000000	0.0373831776	0.0263157895	0.0307692308	0.0217391304	0.0444444444	0.0675675676	0.0909090909	0.1000000000	0.1470588235	0.1811023622	0.2323232323	0.3252032520	0.2763157895	0.2480000000	0.1986754967	0.1473684211	0.1200000000	0.0697674419	0.0607476636	0.0506912442	0.0468750000	0.0253807107	0.0125786164	0.0143884892	0.0185185185	0.0131578947	0.0108695652	0.0344827586	0.0000000000	0.0306122449	0.0000000000	0.0080645161	0.0094339623	0.0000000000	0.0056818182	0.0096618357	0.0097560976	0.0205479452	0.0277777778	0.0540540541	0.0067567568	0.0327868852	0.0510204082	0.0340909091	0.0230769231	0.0209790210	0.0409836066	0.0521739130	0.0759493671	0.0375000000	0.0263157895	0.0862068966	0.0476190476	0.0454545455	0.0487804878	0.0099009901	0.0886075949	0.0683760684	0.0733944954	0.0747663551	0.0847457627	0.0375939850	0.0454545455	0.0833333333	0.0449438202	0.0956521739	0.0989010989	0.0833333333	0.0923076923	0.0317460317	0.0672268908	0.0746268657	0.0629921260	0.0521739130	0.1351351351	0.1162790698	0.0338983051	0.0645161290	0.0181818182	0.0869565217	0.0781250000	0.0487804878	0.0263157895
São Paulo	PARA	Pos	SP	Brazil										0.0223880597	0.0331753555	0.0348837209	0.0280373832	0.0263157895	0.0153846154	0.0108695652	0.0333333333	0.0270270270	0.0259740260	0.0285714286	0.0098039216	0.0393700787	0.0303030303	0.0650406504	0.1118421053	0.0800000000	0.0596026490	0.0578947368	0.1085714286	0.1918604651	0.1869158879	0.1474654378	0.0989583333	0.1116751269	0.0691823899	0.0647482014	0.0648148148	0.0394736842	0.0543478261	0.0689655172	0.0408163265	0.0408163265	0.0521739130	0.0322580645	0.0471698113	0.0365853659	0.0511363636	0.0386473430	0.0487804878	0.0890410959	0.0763888889	0.0878378378	0.0608108108	0.0546448087	0.0561224490	0.0681818182	0.0769230769	0.0699300699	0.1065573770	0.0521739130	0.0506329114	0.0625000000	0.0921052632	0.1034482759	0.0317460317	0.0606060606	0.0731707317	0.0297029703	0.0506329114	0.0940170940	0.0642201835	0.0560747664	0.0847457627	0.0751879699	0.0454545455	0.1547619048	0.1123595506	0.0869565217	0.0439560440	0.0277777778	0.1153846154	0.0793650794	0.0588235294	0.0522388060	0.0393700787	0.0260869565	0.0900900901	0.0348837209	0.0338983051	0.0806451613	0.0545454545	0.0579710145	0.0312500000	0.0487804878	0.0526315789
São Paulo	RINO	Pos	SP	Brazil										0.0783582090	0.0379146919	0.0755813953	0.0841121495	0.0657894737	0.1230769231	0.3695652174	0.4666666667	0.3783783784	0.3506493506	0.3857142857	0.4019607843	0.6062992126	0.4040404040	0.3252032520	0.2960526316	0.3040000000	0.3046357616	0.3263157895	0.4228571429	0.3372093023	0.3317757009	0.2488479263	0.2239583333	0.2588832487	0.2327044025	0.1438848921	0.2037037037	0.2236842105	0.2065217391	0.2413793103	0.2653061224	0.3265306122	0.3739130435	0.2741935484	0.3113207547	0.2743902439	0.2556818182	0.2898550725	0.3219512195	0.2465753425	0.2569444444	0.3310810811	0.2770270270	0.2896174863	0.2704081633	0.1875000000	0.2538461538	0.2517482517	0.1803278689	0.3130434783	0.2405063291	0.1125000000	0.1578947368	0.1379310345	0.2857142857	0.2727272727	0.3658536585	0.3861386139	0.3291139241	0.2393162393	0.2660550459	0.3644859813	0.2966101695	0.2706766917	0.3090909091	0.3333333333	0.1573033708	0.2869565217	0.1978021978	0.1944444444	0.2153846154	0.2936507937	0.2689075630	0.2238805970	0.2283464567	0.2086956522	0.2792792793	0.3953488372	0.2542372881	0.2741935484	0.2181818182	0.2608695652	0.3125000000	0.3780487805	0.4868421053
São Paulo	SC2	Pos	SP	Brazil					0.0252549781	0.0184696570	0.0231839258	0.0875202593	0.2486494829	0.4003576903	0.4384493747	0.5122396254	0.4681396287	0.3680230823	0.2952506937	0.2134355726	0.1061590330	0.0674909256	0.0471599361	0.0313322318	0.0355504587	0.0407387060	0.0572219468	0.0744726279	0.0945201111	0.1231442993	0.1664671962	0.2226014646	0.2793872794	0.3494948613	0.3817143525	0.4147127369	0.4530930864	0.4360145755	0.3927189242	0.3209049016	0.2714865963	0.2030222694	0.1512871834	0.1152552736	0.0834869001	0.0587378994	0.0431211499	0.0335234145	0.0273437500	0.0268531229	0.0231299213	0.0273175542	0.0332290430	0.0504273504	0.1047925108	0.1987944397	0.3185840708	0.3799342105	0.3749747049	0.3340531685	0.2790043290	0.2405994550	0.2326718009	0.2396859606	0.2220638032	0.1732608696	0.1530236635	0.1378029711	0.1511627907	0.1759859772	0.2181028240	0.2345395766	0.2868657642	0.2894777986	0.2704322122	0.2576003050	0.2307759909	0.1710649838	0.1228523924	0.0936240381	0.0759009462	0.0726770929	0.0631407648	0.0532238443	0.0441635456	0.0398238209	0.0361570248	0.0339087546	0.0280402316	0.0296624616	0.0312292359	0.0318972659	0.0465225564	0.0445783133	0.0741421569	0.0719467956	0.0928297055	0.1408290744	0.1379474940
São Paulo	VSR	Pos	SP	Brazil										0.1414141414	0.1097372488	0.0093654434	0.0107477704	0.0168018540	0.0234756098	0.0313901345	0.0345153664	0.0816505707	0.0729709605	0.0763665595	0.1236462094	0.1044577512	0.1225114855	0.1536502547	0.1644844517	0.1347305389	0.1393442623	0.1203821656	0.1078313253	0.1012101210	0.0823293173	0.0699631773	0.0744027304	0.0594771242	0.0593990217	0.0652173913	0.0467726848	0.0343716434	0.0389937107	0.0265957447	0.0245614035	0.0344827586	0.0226600985	0.0288640596	0.0304687500	0.0262970860	0.0277008310	0.0408602151	0.0621057739	0.0981468771	0.1282051282	0.1879321182	0.1759622938	0.1652131783	0.1836874572	0.1503716409	0.1688988095	0.1941666667	0.2069256757	0.1867179981	0.1705729167	0.1621621622	0.1156583630	0.0826210826	0.1045045045	0.1054263566	0.0583613917	0.0661512027	0.0791208791	0.0786618445	0.0841666667	0.0955149502	0.1127348643	0.1216216216	0.1327116212	0.1483474251	0.1573643411	0.1250000000	0.1119885140	0.1051948052	0.0936073059	0.0715574263	0.0642140468	0.0759592796	0.0785545954	0.0709515860	0.0589135425	0.0826996198	0.0984682713	0.0670103093	0.0853658537	0.0737588652	0.0438756856	0.0326594090	0.0404040404
Tocantins	ADENO	Pos	TO	Brazil																																																																																															
Tocantins	BAC	Pos	TO	Brazil																																																																																															
Tocantins	COVS	Pos	TO	Brazil																																																																																															
Tocantins	FLUA	Pos	TO	Brazil																																																																																															
Tocantins	FLUB	Pos	TO	Brazil																																																																																															
Tocantins	META	Pos	TO	Brazil																																																																																															
Tocantins	PARA	Pos	TO	Brazil																																																																																															
Tocantins	RINO	Pos	TO	Brazil																																																																																															
Tocantins	SC2	Pos	TO	Brazil										0.2622549020	0.2974203338	0.4719271624	0.4984520124	0.4598698482	0.3312883436	0.2478991597	0.1237113402	0.0392156863	0.0526315789	0.0634920635	0.0126582278	0.0285714286	0.0298507463			0.1132075472	0.0740740741		0.2352941176	0.1515151515	0.3068181818	0.2093023256	0.3820224719	0.2415730337	0.3537414966	0.2685185185	0.3181818182	0.3064516129	0.3921568627																		0.2727272727	0.2416666667	0.3571428571	0.2950819672																																			
Tocantins	VSR	Pos	TO	Brazil																																																																																															
